Van 1,8
Van 1,8
Van 1,8
Van 1,8
Van 1,8
Van 1,8
Van 1,8
Van 1,8
Van 1,8
Van 2,6
Van 3,7
Van 4,11
Van 5,8
Van 6,8
Van 7,8
Van 9,8
Van 10,8
Van 2,6
Van 3,7
Van 4,11
Van 5,8
Van 6,8
Van 7,8
Van 9,8
Van 10,8
Van 2,6
Van 3,7
Van 4,11
Van 5,8
Van 6,8
Van 7,8
Van 9,8
Van 10,8
Van 2,6
Van 3,7
Van 4,11
Van 5,8
Van 6,8
Van 7,8
Van 9,8
Van 10,8
Van 2,6
Van 3,7
Van 4,11
Van 5,8
Van 6,8
Van 7,8
Van 9,8
Van 10,8
Van 2,6
Van 3,7
Van 4,11
Van 5,8
Van 6,8
Van 7,8
Van 9,8
Van 10,8
Van 2,6
Van 3,7
Van 4,11
Van 5,8
Van 6,8
Van 7,8
Van 9,8
Van 10,8
Van 2,6
Van 3,7
Van 4,11
Van 5,8
Van 6,8
Van 7,8
Van 9,8
Van 10,8
Van 2,6
Van 3,7
Van 4,11
Van 5,8
Van 6,8
Van 7,8
Van 9,8
Van 10,8
